name,dataset,variant,pretrained_iou,standard_ft_iou,exchanged_ft_iou,fully_finetuned_iou
10800_hair_CelebAHQ_OpenJourney_simple,CelebAHQ,standard,0.4893,0.0007,0.0000,0.0000
10800_hair_CelebAHQ_OpenJourney_simple,CelebAHQ,exchanged,0.2380,0.1784,0.0000,0.2536
b3dodata__img_0550_012_SUN_RGBD_Kandinsky_2_2_simple,SUN_RGBD,standard,0.0000,0.0000,0.0000,0.0000
b3dodata__img_0550_012_SUN_RGBD_Kandinsky_2_2_simple,SUN_RGBD,exchanged,0.5817,0.1010,0.0000,0.0838
b3dodata__img_0595_000_SUN_RGBD_Kandinsky_2_2_simple,SUN_RGBD,standard,0.2582,0.0116,0.0000,0.0000
b3dodata__img_0595_000_SUN_RGBD_Kandinsky_2_2_simple,SUN_RGBD,exchanged,0.7740,0.3524,0.0000,0.4967
NYUdata__NYU1213_016_SUN_RGBD_Kandinsky_2_2_simple,SUN_RGBD,standard,0.0721,0.0000,0.0000,0.0000
NYUdata__NYU1213_016_SUN_RGBD_Kandinsky_2_2_simple,SUN_RGBD,exchanged,0.6372,0.0263,0.0000,0.7259
NYUdata__NYU0251_025_SUN_RGBD_Kandinsky_2_2_simple,SUN_RGBD,standard,0.0093,0.0000,0.0000,0.0000
NYUdata__NYU0251_025_SUN_RGBD_Kandinsky_2_2_simple,SUN_RGBD,exchanged,0.7431,0.0190,0.0000,0.8322
NYUdata__NYU1420_002_SUN_RGBD_Kandinsky_2_2_simple,SUN_RGBD,standard,0.0227,0.0000,0.0000,0.0000
NYUdata__NYU1420_002_SUN_RGBD_Kandinsky_2_2_simple,SUN_RGBD,exchanged,0.7156,0.0652,0.0000,0.4333
aachen_000070_000019_instance037_CityScapes_Kandinsky_2_2_simple,CityScapes,standard,0.0000,0.0215,0.0000,0.0296
aachen_000070_000019_instance037_CityScapes_Kandinsky_2_2_simple,CityScapes,exchanged,0.7806,0.0469,0.0000,0.0901
10751_l_ear_CelebAHQ_OpenJourney_simple,CelebAHQ,standard,0.0000,0.0048,0.0000,0.0000
10751_l_ear_CelebAHQ_OpenJourney_simple,CelebAHQ,exchanged,0.8672,0.0213,0.0000,0.8866
76-417a__0001552-000051983316_000_SUN_RGBD_Kandinsky_2_2_simple,SUN_RGBD,standard,0.0000,0.0000,0.0000,0.0000
76-417a__0001552-000051983316_000_SUN_RGBD_Kandinsky_2_2_simple,SUN_RGBD,exchanged,0.6923,0.0883,0.0000,0.7526
NYUdata__NYU1075_020_SUN_RGBD_Kandinsky_2_2_simple,SUN_RGBD,standard,0.0000,0.0000,0.0000,0.0000
NYUdata__NYU1075_020_SUN_RGBD_Kandinsky_2_2_simple,SUN_RGBD,exchanged,0.4799,0.0766,0.0000,0.5267
NYUdata__NYU0512_007_SUN_RGBD_Kandinsky_2_2_simple,SUN_RGBD,standard,0.2240,0.0000,0.0000,0.2638
NYUdata__NYU0512_007_SUN_RGBD_Kandinsky_2_2_simple,SUN_RGBD,exchanged,0.8095,0.0592,0.0000,0.9308
apartment_han_oct_31_2012_scan1_erika__0001474-000061602408_005_SUN_RGBD_Kandinsky_2_2_simple,SUN_RGBD,standard,0.0000,0.0000,0.0000,0.0000
apartment_han_oct_31_2012_scan1_erika__0001474-000061602408_005_SUN_RGBD_Kandinsky_2_2_simple,SUN_RGBD,exchanged,0.7824,0.0172,0.0000,0.7034
aachen_000112_000019_instance042_CityScapes_Kandinsky_2_2_simple,CityScapes,standard,0.0000,0.0000,0.0000,0.0323
aachen_000112_000019_instance042_CityScapes_Kandinsky_2_2_simple,CityScapes,exchanged,0.7506,0.2165,0.0000,0.5250
b3dodata__img_0611_007_SUN_RGBD_Kandinsky_2_2_simple,SUN_RGBD,standard,0.0135,0.0000,0.0000,0.0000
b3dodata__img_0611_007_SUN_RGBD_Kandinsky_2_2_simple,SUN_RGBD,exchanged,0.0000,0.0137,0.0000,0.0000
b3dodata__img_0654_022_SUN_RGBD_Kandinsky_2_2_simple,SUN_RGBD,standard,0.0389,0.0009,0.0000,0.0000
b3dodata__img_0654_022_SUN_RGBD_Kandinsky_2_2_simple,SUN_RGBD,exchanged,0.8332,0.0334,0.0000,0.8852
NYUdata__NYU1446_001_SUN_RGBD_Kandinsky_2_2_simple,SUN_RGBD,standard,0.0000,0.0000,0.0000,0.0000
NYUdata__NYU1446_001_SUN_RGBD_Kandinsky_2_2_simple,SUN_RGBD,exchanged,0.7529,0.0536,0.0000,0.2880
bochum_000000_003005_instance004_CityScapes_Kandinsky_2_2_simple,CityScapes,standard,0.0000,0.0000,0.0000,0.0000
bochum_000000_003005_instance004_CityScapes_Kandinsky_2_2_simple,CityScapes,exchanged,0.0000,0.2612,0.0000,0.0004
align_kv2__0000034_001_SUN_RGBD_Kandinsky_2_2_simple,SUN_RGBD,standard,0.0209,0.0000,0.0000,0.0000
align_kv2__0000034_001_SUN_RGBD_Kandinsky_2_2_simple,SUN_RGBD,exchanged,0.0000,0.0443,0.0000,0.2768
bochum_000000_011255_instance080_CityScapes_Kandinsky_2_2_simple,CityScapes,standard,0.0000,0.0000,0.0000,0.0000
bochum_000000_011255_instance080_CityScapes_Kandinsky_2_2_simple,CityScapes,exchanged,0.0951,0.0967,0.0000,0.0939
NYUdata__NYU1361_007_SUN_RGBD_Kandinsky_2_2_simple,SUN_RGBD,standard,0.0000,0.0000,0.0000,0.0000
NYUdata__NYU1361_007_SUN_RGBD_Kandinsky_2_2_simple,SUN_RGBD,exchanged,0.5518,0.0122,0.0000,0.6440
