kind,dataset,variant,split,threshold,accuracy,precision,recall,f1,full_iou,interior_iou,ring_iou,mask_ap
classification,all,standard,validation,0.15,0.7090909090909091,0.6547085201793722,0.8848484848484849,0.7525773195876289,nan,nan,nan,nan
classification,all,standard,test,0.15,0.712066145738688,0.6610988404196576,0.8702525894966382,0.7513924845061584,nan,nan,nan,nan
classification_reference,all,standard,test,0.05,0.5928584408504453,0.5520472601344469,0.98491731782664,0.7075256184322172,nan,nan,nan,nan
classification_reference,all,standard,test,0.1,0.6759949118662548,0.6155590025056675,0.9374886425586044,0.7431575914721982,nan,nan,nan,nan
classification_reference,all,standard,test,0.15,0.712066145738688,0.6610988404196576,0.8702525894966382,0.7513924845061584,nan,nan,nan,nan
classification_reference,all,standard,test,0.2,0.718608031982555,0.695165476963011,0.7786661820825005,0.7345504414159596,nan,nan,nan,nan
classification_reference,all,standard,test,0.25,0.7174268580774124,0.7459403905447071,0.6594584771942577,0.7000385802469136,nan,nan,nan,nan
classification_reference,all,standard,test,0.3,0.7017990187170634,0.7852555869509376,0.5555151735417045,0.6507024265644955,nan,nan,nan,nan
classification_reference,all,standard,test,0.35,0.689896420134472,0.8583676268861454,0.45484281301108487,0.5946074355624184,nan,nan,nan,nan
classification_reference,all,standard,test,0.4,0.6632745775031801,0.8945981554677207,0.37016172996547336,0.5236503856041131,nan,nan,nan,nan
classification_reference,all,standard,test,0.45,0.634653825186262,0.922945205479452,0.2938397237870253,0.4457615437629221,nan,nan,nan,nan
classification_reference,all,standard,test,0.5,0.6123023805197165,0.9703196347031964,0.23169180447028892,0.3740648379052369,nan,nan,nan,nan
classification_reference,all,standard,test,0.55,0.5900417953843358,0.9643861293345829,0.1869889151371979,0.3132420091324201,nan,nan,nan,nan
classification_reference,all,standard,test,0.6,0.5762311466472833,0.9783352337514253,0.15591495547882972,0.2689655172413793,nan,nan,nan,nan
classification_reference,all,standard,test,0.65,0.5641468290023623,0.9848901098901099,0.13029256769035072,0.2301396244583534,nan,nan,nan,nan
classification_reference,all,standard,test,0.7,0.5546974377612212,0.9983443708609272,0.10957659458477194,0.1974783035860488,nan,nan,nan,nan
classification_reference,all,standard,test,0.75,0.5453389060512448,0.998003992015968,0.0908595311648192,0.1665556295802798,nan,nan,nan,nan
classification_reference,all,standard,test,0.8,0.5343449027803017,0.9973684210526316,0.06887152462293294,0.12884582695903452,nan,nan,nan,nan
classification_reference,all,standard,test,0.85,0.5240777757586771,0.9962546816479401,0.04833727057968381,0.09220103986135182,nan,nan,nan,nan
classification_reference,all,standard,test,0.9,0.5159912774850082,0.9943820224719101,0.032164274032345994,0.06231297306812181,nan,nan,nan,nan
classification_reference,all,standard,test,0.95,0.5083590768671634,1.0,0.01671815373432673,0.03288650580875782,nan,nan,nan,nan
classification,all,exchanged,validation,0.15,0.6776515151515151,0.6378600823045267,0.821969696969697,0.7183051969546508,nan,nan,nan,nan
classification,all,exchanged,test,0.15,0.6808104670179902,0.6442028985507247,0.8077412320552426,0.7167620736918487,nan,nan,nan,nan
classification_reference,all,exchanged,test,0.05,0.57786661820825,0.5443903449704754,0.9549336725422497,0.6934547373977302,nan,nan,nan,nan
classification_reference,all,exchanged,test,0.1,0.6462838451753589,0.5999503352371492,0.8780665091768126,0.7128420742052076,nan,nan,nan,nan
classification_reference,all,exchanged,test,0.15,0.6808104670179902,0.6442028985507247,0.8077412320552426,0.7167620736918487,nan,nan,nan,nan
classification_reference,all,exchanged,test,0.2,0.696438306378339,0.6826013513513514,0.7343267308740687,0.7075199159590301,nan,nan,nan,nan
classification_reference,all,exchanged,test,0.25,0.7191531891695438,0.7469287469287469,0.6629111393785208,0.7024164821411379,nan,nan,nan,nan
classification_reference,all,exchanged,test,0.3,0.7208795202616755,0.7962466487935657,0.5936761766309285,0.6801998750780762,nan,nan,nan,nan
classification_reference,all,exchanged,test,0.35,0.7274214065055424,0.8759387203364374,0.5298927857532255,0.6603260869565217,nan,nan,nan,nan
classification_reference,all,exchanged,test,0.4,0.715064510267127,0.9157007376185459,0.47374159549336725,0.6244311377245509,nan,nan,nan,nan
classification_reference,all,exchanged,test,0.45,0.7017990187170634,0.9458048976314734,0.428130110848628,0.5894420815611708,nan,nan,nan,nan
classification_reference,all,exchanged,test,0.5,0.6865346174813738,0.981698732989207,0.3801562783936035,0.548074403982185,nan,nan,nan,nan
classification_reference,all,exchanged,test,0.55,0.6626385607850264,0.9796355841371919,0.33218244593857893,0.49613244673632784,nan,nan,nan,nan
classification_reference,all,exchanged,test,0.6,0.6426494639287661,0.9881840796019901,0.2887515900417954,0.44691323301926594,nan,nan,nan,nan
classification_reference,all,exchanged,test,0.65,0.6226603670725059,0.9919825072886297,0.24731964383063784,0.39592727272727274,nan,nan,nan,nan
classification_reference,all,exchanged,test,0.7,0.6043067417772124,0.9991304347826087,0.2087952026167545,0.34540808657748384,nan,nan,nan,nan
classification_reference,all,exchanged,test,0.75,0.5871342903870616,0.9989594172736732,0.17445029983645285,0.297029702970297,nan,nan,nan,nan
classification_reference,all,exchanged,test,0.8,0.5674177721242959,0.9986559139784946,0.13501726331092131,0.237874179606211,nan,nan,nan,nan
classification_reference,all,exchanged,test,0.85,0.550245320734145,0.9981981981981982,0.10067236053061966,0.18289864641795972,nan,nan,nan,nan
classification_reference,all,exchanged,test,0.9,0.5349809194984554,0.9974160206718347,0.07014355805924041,0.13106960950764007,nan,nan,nan,nan
classification_reference,all,exchanged,test,0.95,0.5166272942031619,1.0,0.03325458840632382,0.06436862469222653,nan,nan,nan,nan
mask,all,standard,validation,0.3,nan,nan,nan,nan,0.07538163075886538,0.14680606438181568,0.13592542936563215,nan
mask,all,standard,test,0.3,nan,nan,nan,nan,0.08015959590920373,0.16037898217668453,0.14831074868828048,nan
mask,all,standard,validation,0.5,nan,nan,nan,nan,0.05717594895097118,0.10067007919257205,0.08714465254591139,nan
mask,all,standard,test,0.5,nan,nan,nan,nan,0.062241575983657545,0.11174445017847767,0.09776174030368502,nan
mask,all,standard,validation,0.7,nan,nan,nan,nan,0.04118694121444419,0.06813675926715912,0.055736733069699944,nan
mask,all,standard,test,0.7,nan,nan,nan,nan,0.043668390802960935,0.07308707031786214,0.060419917106976605,nan
mask_selected,all,standard,validation,0.3,nan,nan,nan,nan,0.07538163075886538,0.14680606438181568,0.13592542936563215,nan
mask_selected,all,standard,test,0.3,nan,nan,nan,nan,0.08015959590920373,0.16037898217668453,0.14831074868828048,nan
mask,all,exchanged,validation,0.3,nan,nan,nan,nan,0.3341927862652778,0.5406849616026718,0.5366682533468713,nan
mask,all,exchanged,test,0.3,nan,nan,nan,nan,0.3374440212081319,0.5446462425682638,0.5428239895115506,nan
mask,all,exchanged,validation,0.5,nan,nan,nan,nan,0.3349568301709019,0.4706827738205516,0.4487273945005239,nan
mask,all,exchanged,test,0.5,nan,nan,nan,nan,0.3355028616908088,0.4702032408327789,0.45356792004323554,nan
mask,all,exchanged,validation,0.7,nan,nan,nan,nan,0.3058862805185603,0.38503021757699674,0.3540520207888356,nan
mask,all,exchanged,test,0.7,nan,nan,nan,nan,0.3091942405745364,0.38737741606998816,0.36011828241230676,nan
mask_selected,all,exchanged,validation,0.5,nan,nan,nan,nan,0.3349568301709019,0.4706827738205516,0.4487273945005239,nan
mask_selected,all,exchanged,test,0.5,nan,nan,nan,nan,0.3355028616908088,0.4702032408327789,0.45356792004323554,nan
